,index,node,importance
0,0,hsa-miR-103a-3p,0.01670928913297508
1,1,hsa-miR-92a-1-5p,0.014450201117708984
2,2,hsa-miR-16-5p,0.013282207067891289
3,3,hsa-miR-19a-5p,0.011808474956268588
4,4,hsa-miR-17-5p,0.011481042545358613
5,5,hsa-miR-130b-5p,0.011252923072827466
6,6,hsa-miR-23a-5p,0.011033009278954585
7,7,hsa-miR-19b-1-5p,0.010758141042528315
8,8,hsa-let-7i-5p,0.010019520754794304
9,9,LCK,0.009552886880692453
10,10,hsa-miR-301a-5p,0.009464378474189298
11,11,hsa-miR-15a-5p,0.009301970722804708
12,12,hsa-miR-23b-5p,0.0090531452758803
13,13,hsa-miR-15b-5p,0.009009468800715298
14,14,hsa-miR-106b-5p,0.008470552276161772
15,15,hsa-let-7b-5p,0.00842707696587847
16,16,hsa-miR-93-5p,0.008387422270378614
17,17,EP300,0.008214943146390562
18,18,hsa-miR-20a-5p,0.007852580720157596
19,19,hsa-miR-30e-5p,0.007813200025501768
20,20,hsa-let-7d-5p,0.007650916157582777
21,21,hsa-miR-25-5p,0.0073098994388838285
22,22,hsa-miR-107,0.007269935347982606
23,23,hsa-miR-142-5p,0.006451350814650794
24,24,hsa-miR-27a-5p,0.005937229435113916
25,25,hsa-miR-199a-5p,0.005713191991302569
26,26,hsa-miR-130a-5p,0.005405756414722406
27,27,hsa-let-7a-5p,0.0053932579279969165
28,28,ESR1,0.005356837782011465
29,29,FYN,0.005138933240797187
30,30,hsa-miR-155-5p,0.004923329526308436
31,31,hsa-miR-454-5p,0.004821207636363923
32,32,AR,0.004728868012995986
33,33,FOXA1,0.004508807598946218
34,34,hsa-miR-186-5p,0.004321921246158166
35,35,hsa-miR-146a-5p,0.0038449132276426453
36,36,hsa-miR-18a-5p,0.003796676446328416
37,37,hsa-miR-199b-5p,0.00348114484747476
38,38,hsa-miR-181b-5p,0.0034650204770263703
39,39,hsa-miR-148b-5p,0.003373862771068042
40,40,LYN,0.003000745192318884
41,41,CREBBP,0.0029551156019195584
42,42,ZAP70,0.0028712523010809296
43,43,hsa-let-7c-5p,0.002830990888384138
44,44,LCP2,0.0028123214306283086
45,45,SP1,0.0028001352646655903
46,46,ERG,0.002773419675999646
47,47,E2F1,0.0027485990393084792
48,48,hsa-miR-125b-5p,0.002667793424697851
49,49,GATA3,0.0025274923468072362
50,50,hsa-miR-27b-5p,0.0025165599617891234
51,51,hsa-miR-424-5p,0.002480794507314083
52,52,hsa-miR-9-5p,0.002459774601524746
53,53,hsa-miR-181a-5p,0.002444481737892763
54,54,PTPRC,0.0024250462860969176
55,55,hsa-let-7g-5p,0.002382339975805746
56,56,hsa-miR-331-5p,0.0023819554250852936
57,57,hsa-miR-125a-5p,0.002330004347107283
58,58,FN1,0.0021908401715230214
59,59,hsa-miR-590-5p,0.002184311342840279
60,60,hsa-miR-200c-5p,0.00216244223998884
61,61,hsa-miR-101-3p,0.002145430145166086
62,62,CD247,0.00211832034409169
63,63,hsa-miR-98-5p,0.0021124615801573635
64,64,COL1A1,0.0021092159550161055
65,65,hsa-miR-378a-5p,0.0019519895842450797
66,66,hsa-miR-26a-5p,0.0019403777350292405
67,67,VAV1,0.0019343014713020781
68,68,hsa-miR-32-5p,0.001911183665434288
69,69,hsa-miR-182-5p,0.0018960161538141215
70,70,hsa-miR-195-5p,0.0018950987204744475
71,71,JUN,0.0018758973534007785
72,72,SYK,0.0018714927903707706
73,73,RUNX1,0.0018637253151907636
74,74,hsa-miR-146b-5p,0.0018014083437542484
75,75,hsa-miR-324-5p,0.001800425564426558
76,76,STAT1,0.0017832031620030572
77,77,ETS1,0.0017756677481590715
78,78,CEBPB,0.0017658928182819034
79,79,EGR1,0.0016790728380710364
80,80,RB1,0.0016371231785018323
81,81,hsa-miR-141-5p,0.0016288968054517033
82,82,CD5,0.0015537386593899008
83,83,PLCG2,0.0014944892236857165
84,84,hsa-miR-362-5p,0.001464881669597786
85,85,hsa-miR-218-5p,0.0014479606240591252
86,86,RUNX3,0.0014440681126675584
87,87,RARA,0.001441512073711231
88,88,hsa-miR-22-5p,0.0014374871745234273
89,89,TAL1,0.0014316840812333637
90,90,hsa-miR-145-5p,0.0014220222822488781
91,91,FLI1,0.0014106879800829552
92,92,LAT,0.0014003266777620495
93,93,MMP2,0.0013882833394934517
94,94,FOS,0.0013444490998098925
95,95,hsa-miR-7-5p,0.0013093036714840731
96,96,SPI1,0.0013051095180519642
97,97,YWHAG,0.0012920777106993626
98,98,hsa-miR-24-1-5p,0.0012832210180463758
99,99,EBF1,0.001276514947408035
100,100,ITK,0.0012751009313524493
101,101,hsa-miR-140-5p,0.0012655911298298037
102,102,hsa-miR-29c-5p,0.0012613602979424515
103,103,hsa-miR-29b-1-5p,0.0012537554587221018
104,104,CCNA2,0.0012529337732732789
105,105,THBS1,0.0012527872448487925
106,106,SMAD4,0.0012499270573996207
107,107,SMAD2,0.001243574540625204
108,108,YY1,0.001236913443047239
109,109,hsa-miR-429,0.0012104384271600544
110,110,hsa-miR-106a-5p,0.0012064485274618565
111,111,CD2,0.0012005524904865293
112,112,EGFR,0.001155807547802011
113,113,NR3C1,0.0011440668856978037
114,114,GATA1,0.0011204145849120833
115,115,PLK1,0.0011168251170772918
116,116,CBL,0.0011160990733548274
117,117,SPARC,0.0011041430562506185
118,118,JUND,0.0011019473942321908
119,119,MBD3,0.001093425163633755
120,120,EZH2,0.001085136253044699
121,121,hsa-miR-877-5p,0.0010778010383962924
122,122,IRF4,0.0010672611632594753
123,123,BTK,0.0010466897748846614
124,124,CD4,0.0010385905994957302
125,125,hsa-miR-200b-5p,0.0010312025798865198
126,126,PIK3R1,0.0010233509798880558
127,127,TCF4,0.0010178134266121694
128,128,RUNX1T1,0.0010115308404465178
129,129,FOXO1,0.0010085413593318125
130,130,HCK,0.001008085186942873
131,131,NCOA2,0.0009670998543386602
132,132,CEP55,0.0009562458737509607
133,133,FBN1,0.0009556742369426761
134,134,NCOA1,0.0009515253633382056
135,135,SMAD3,0.0009476629434884639
136,136,hsa-miR-30a-5p,0.000941179055644964
137,138,COL1A2,0.0009278028544913335
138,139,CSF2RB,0.000920908670198928
139,140,hsa-miR-330-5p,0.0009170507784518485
140,141,hsa-miR-21-5p,0.0009140426137922354
141,142,MYB,0.0009116631245258122
142,144,hsa-miR-221-5p,0.000897610768190626
143,145,HIF1A,0.0008938739384506333
144,146,CDC25A,0.0008910906232578458
145,147,JAK3,0.0008892194852641288
146,148,PTPN6,0.0008889915965098771
147,149,hsa-miR-135b-5p,0.0008602856119387778
148,150,BRCA1,0.0008531332384547081
149,151,TCF12,0.0008521245238159472
150,152,hsa-miR-375,0.0008444271499931828
151,153,CD79B,0.0008383278786260896
152,154,hsa-miR-484,0.0008357697305910583
153,155,CCNB1,0.0008346013661862898
154,156,hsa-miR-192-5p,0.0008334114563177859
155,157,hsa-miR-96-5p,0.0008259560973739894
156,158,hsa-miR-150-5p,0.0008177372926642542
157,159,hsa-miR-197-5p,0.0008087977020226047
158,160,MCM3,0.0008050981028959373
159,161,hsa-miR-138-5p,0.0007832403914879554
160,162,hsa-miR-1271-5p,0.0007808880085509226
161,163,hsa-miR-33b-5p,0.0007722644572235169
162,164,PAX5,0.0007666983020023934
163,165,MAPK1,0.000761450600619816
164,166,YWHAZ,0.0007547570954898165
165,167,BHLHE40,0.0007542508849153547
166,168,hsa-miR-493-5p,0.0007511801861504894
167,169,TUBB,0.0007435037632470934
168,170,PTK2B,0.0007424783084758851
169,171,MCM7,0.0007375569828361026
170,172,ZBTB16,0.0007336792330704774
171,173,QKI,0.0007240771529305426
172,174,PRKCA,0.0007238983651275376
173,175,GABPA,0.0007195412141737626
174,176,IGF1,0.0007175834341136733
175,177,CREB1,0.0007149201754673511
176,178,BNC2,0.0007078539607800253
177,179,ITGB1,0.0007034638509196433
178,180,E2F6,0.0006950711318799353
179,182,hsa-miR-361-5p,0.0006943157313701449
180,183,E2F2,0.0006917267309275213
181,184,CBFB,0.0006865630006809617
182,185,PCNA,0.0006849478284033749
183,186,hsa-miR-196b-5p,0.0006793925919886471
184,187,PAG1,0.0006771990471073252
185,188,TMBIM6,0.0006760234403410162
186,189,DCN,0.0006623285895500284
187,190,JAK2,0.0006595099288999742
188,191,WAS,0.0006565899262284809
189,192,hsa-miR-223-5p,0.0006559806743382782
190,193,MYC,0.0006531573708970283
191,194,hsa-miR-185-5p,0.0006462342534094941
192,195,IRF1,0.0006417699096659118
193,196,POU2F2,0.0006334336748117275
194,197,TRAT1,0.0006332533310110268
195,198,POLR2D,0.0006310252556917817
196,199,CD28,0.0006296735988383444
197,200,RAN,0.0006270963697336537
198,201,hsa-miR-214-5p,0.0006265327242245976
199,202,hsa-miR-1306-5p,0.0006252524438275799
200,204,hsa-miR-369-5p,0.0006188792084981851
201,205,CD3E,0.0006153324780166659
202,206,ERBB4,0.0006150977740941117
203,207,BTG2,0.0006125394413907408
204,208,XPO1,0.0006115346282277005
205,209,hsa-miR-128-1-5p,0.0006103134700528023
206,210,E2F3,0.0005979120587607058
207,211,ITPR1,0.0005970132826672049
208,212,PRKCQ,0.0005958974973165892
209,213,SYNCRIP,0.0005931149292038949
210,214,PLCG1,0.0005924938227138951
211,215,hsa-miR-137,0.0005915374275087537
212,216,IGF1R,0.0005908028374319567
213,217,FANCA,0.0005888029619270276
214,218,KAT2B,0.0005869612320888738
215,219,MAX,0.0005827913547440739
216,220,HSP90AA1,0.0005820629468865671
217,221,hsa-miR-204-5p,0.0005805615700340196
218,222,IL2RB,0.0005788694574937792
219,223,CTCF,0.0005775902960374976
220,224,GSK3B,0.0005764923832995468
221,225,hsa-miR-183-5p,0.0005762810874358564
222,226,hsa-miR-299-5p,0.0005754310203963935
223,227,hsa-miR-149-5p,0.0005716743542331046
224,228,CHEK1,0.0005685915051761714
225,229,STAT3,0.0005683665942628351
226,230,SRPK1,0.0005668714521259688
227,231,hsa-miR-616-5p,0.0005656852649780786
228,232,AURKB,0.0005635535124020504
229,233,hsa-miR-33a-5p,0.0005630452941223645
230,234,NUFIP2,0.0005606485914841396
231,235,ELF1,0.0005576676464253974
232,236,PTPN11,0.0005569047493481832
233,237,RACGAP1,0.0005540942573825472
234,238,NCOR1,0.0005521482915011851
235,239,hsa-miR-139-5p,0.0005510149839871053
236,240,RRM2,0.000549650279587676
237,241,GAPDH,0.0005494089290853224
238,242,SNIP1,0.0005479072058725889
239,243,SMAD1,0.0005452641639139838
240,244,TBPL1,0.0005420968150180531
241,245,SP3,0.0005388915866444777
242,246,hsa-miR-382-5p,0.0005372190512832846
243,247,NCOA3,0.0005355327811445405
244,248,DBF4,0.000533509040692331
245,249,hsa-miR-143-5p,0.0005290337348912156
246,252,CAV1,0.0005242104569614849
247,253,KIT,0.0005215228072306001
248,254,CDK6,0.0005198240464783998
249,255,hsa-miR-1307-5p,0.0005177663713087576
250,256,CLTC,0.0005173350516487592
251,257,hsa-miR-340-5p,0.0005163466747315717
252,258,LBR,0.000515471403936481
253,259,FOXP1,0.0005143043842005175
254,260,hsa-miR-193b-5p,0.000513214372331496
255,261,PDGFRA,0.0005124487055367591
256,262,hsa-miR-224-5p,0.0005096550984165251
257,263,SOD2,0.0005087183522089956
258,264,hsa-miR-423-5p,0.0005052415748277077
259,265,hsa-miR-381-5p,0.0005035246316202141
260,266,MMP16,0.0004991585648230566
261,267,FRS2,0.0004974322804956196
262,268,hsa-miR-942-5p,0.0004961919912651955
263,269,hsa-miR-377-5p,0.0004959022152431296
264,270,hsa-miR-526b-5p,0.0004946493511111624
265,271,hsa-miR-92b-5p,0.0004934518858217393
266,272,SOS1,0.00049157958425338
267,273,MAPK6,0.0004893595856848031
268,274,NCK1,0.00048745656028000467
269,275,hsa-miR-30c-5p,0.0004859764305243206
270,276,hsa-miR-760,0.0004853994110089914
271,277,GATA2,0.00048434269299555544
272,278,FOSL1,0.00048379903298264166
273,279,CRY2,0.0004813915111024983
274,281,STMN1,0.00047967529554514423
275,282,hsa-miR-342-5p,0.0004789050785077531
276,283,hsa-miR-410-5p,0.0004773850775909722
277,284,MYBL2,0.00047667673337540775
278,285,TCF3,0.0004762410529739707
279,286,FRMD6,0.00047530228059827653
280,287,DAZAP2,0.0004747666025354421
281,288,hsa-miR-615-5p,0.00047444191559792027
282,289,hsa-miR-452-5p,0.00047288633986044187
283,290,AFF4,0.0004723904280933468
284,291,VCL,0.0004713897342556344
285,292,hsa-miR-497-5p,0.00047089879196325624
286,293,HMGA1,0.00046970812901457414
287,294,SOCS1,0.0004696878275444239
288,295,hsa-miR-30d-5p,0.00046766344235106826
289,296,hsa-miR-200a-5p,0.00046627453552577664
290,297,hsa-miR-30b-5p,0.0004623042400602299
291,298,IL6ST,0.0004617778178003828
292,299,RHOB,0.00046159597080770357
293,300,NFYA,0.000460034175602589
294,301,FGF7,0.0004589730853382401
295,302,BACH2,0.00045788334012832293
296,303,NR2F1,0.0004577275445190275
297,304,TEAD4,0.0004533116120595395
298,305,BIRC5,0.00045295623616722626
299,306,POU4F1,0.0004527965392721558
300,307,MEF2A,0.00045265424906524643
301,308,hsa-miR-326,0.0004511734165158462
302,309,hsa-miR-222-5p,0.00045102842442115297
303,310,COL3A1,0.00045034399876729486
304,311,AHR,0.0004501208505728514
305,312,SNRPD1,0.00044837974002074027
306,313,RORA,0.00044820146884883157
307,314,NBEA,0.00044796378613146646
308,315,hsa-miR-99a-5p,0.00044778262505999327
309,316,hsa-miR-100-5p,0.00044681556805364696
310,317,VCAN,0.00044551517496039974
311,318,ZFPM2,0.000443452516354069
312,319,KPNA2,0.00044318292677534004
313,320,CCND1,0.0004394133652937966
314,321,SRF,0.00043748332339464235
315,322,TSC22D3,0.00043706288463144497
316,323,hsa-miR-937-5p,0.0004362369608981517
317,324,KIF23,0.0004358147535709974
318,325,CDCA3,0.00043497661282763375
319,326,HSPD1,0.00043419460691095324
320,327,SH3D19,0.0004341236132686198
321,328,MEF2D,0.0004326541291923702
322,329,KCMF1,0.0004325113787625127
323,330,ATXN1,0.00043223700757235483
324,331,hsa-miR-6728-5p,0.0004305537486594838
325,332,NID1,0.00043030828343945183
326,333,CD19,0.0004301667767317822
327,334,hsa-miR-191-5p,0.0004274963848024405
328,335,STARD13,0.0004264605390516271
329,336,JAK1,0.0004238151896247301
330,337,KLF1,0.00042115478356650213
331,338,MSH6,0.00041999475771282296
332,339,CCNE1,0.0004141812522777458
333,340,SERBP1,0.000413759211589838
334,341,CDC6,0.0004122778282729336
335,342,hsa-miR-4677-5p,0.0004121092280638424
336,343,MDM2,0.0004079875975335107
337,344,CHEK2,0.00040778406930491333
338,345,MAF,0.0004076976068022061
339,346,MYBL1,0.00040748535858974293
340,347,GIGYF1,0.00040671519002210903
341,348,CTLA4,0.0004051071769092758
342,349,hsa-miR-548s,0.0004047298086887112
343,350,RXRA,0.000403861395967213
344,351,FZD9,0.0004029688429404328
345,352,MELK,0.0004024929457217871
346,353,MKI67,0.00040181716060122005
347,354,CRK,0.0004015260590489145
348,355,CXXC1,0.00040060113255734525
349,356,AHNAK,0.00039989811050996466
350,357,VAV3,0.0003996224279623204
351,358,hsa-miR-939-5p,0.00039811348155670875
352,359,CDK2,0.0003974660691596396
353,360,CCNE2,0.00039560065456083687
354,361,PPARG,0.00039486957169602733
355,362,hsa-miR-374a-5p,0.0003940701757227501
356,363,RAI2,0.00039370220101356187
357,364,DACH1,0.00039347710591895377
358,365,hsa-miR-148a-5p,0.00039287807393007245
359,366,BCL2,0.00039279097010871445
360,367,NCKAP1,0.00039271518331887643
361,368,CA12,0.0003925389579282392
362,369,NEK9,0.00039090509562626465
363,370,LAMC1,0.0003902446982873804
364,371,HEY1,0.00038649087816686824
365,372,hsa-miR-219a-5p,0.0003857447214811639
366,373,PARD6B,0.0003840422491998759
367,374,CTNNB1,0.00038351351975268944
368,375,hsa-miR-940,0.0003833685541139184
369,376,hsa-miR-1226-5p,0.0003832135314689201
370,377,RFC2,0.0003831796263915065
371,378,ZEB1,0.000382535053564162
372,379,TOP2A,0.0003808200402621884
373,380,CASP3,0.00038081612911959004
374,381,ATF2,0.00038070392928776813
375,382,AKAP12,0.00038052940771245614
376,383,PBX1,0.0003791835103471675
377,384,hsa-miR-539-5p,0.00037901155782617084
378,385,MIDN,0.000378597289105936
379,386,hsa-miR-548d-5p,0.00037607213153291046
380,387,CLCN5,0.00037584385516501004
381,388,FOXP3,0.0003751508013141745
382,389,DMD,0.00037392532997840213
383,390,HGF,0.0003736556610748612
384,391,SKIL,0.0003734640310211098
385,392,hsa-miR-4766-5p,0.00037323026348687403
386,393,CSNK1A1,0.0003732087879769988
387,395,MEIS2,0.0003730265444737005
388,396,FAS,0.00037255476542490676
389,397,MAP3K2,0.0003721777692171338
390,398,CCR5,0.0003718703982970605
391,399,hsa-miR-655-5p,0.0003702474687222176
392,400,hsa-miR-181d-5p,0.0003696700216077283
393,402,PGR,0.00036728216030489986
394,404,MCM2,0.0003654397993175153
395,405,REST,0.0003653632405663328
396,406,hsa-miR-152-5p,0.000364460771000147
397,407,hsa-miR-532-5p,0.00036417117512372324
398,408,hsa-miR-18b-5p,0.00036373618082415256
399,409,BMPR2,0.00036242779413238227
400,410,CTGF,0.0003616944917824257
401,411,hsa-miR-181c-5p,0.0003610365375392244
402,412,hsa-miR-31-5p,0.0003601953579505017
403,413,hsa-miR-671-5p,0.00035972313211019176
404,414,SUV39H2,0.00035784756233349867
405,415,SNX1,0.00035686898275638727
406,416,MEF2C,0.00035681592504550934
407,417,EML4,0.00035625393948949673
408,418,RABEP1,0.00035576488988169606
409,419,hsa-miR-4638-5p,0.00035512992595158817
410,420,CD48,0.000354811800098655
411,421,hsa-miR-24-2-5p,0.0003528374108457686
412,422,CXXC5,0.0003525102863204129
413,423,TAF1,0.0003525018799289639
414,424,MAPK8,0.00035233550896285
415,425,TCEB1,0.000352258320085036
416,426,AFF1,0.0003517904256873377
417,427,FBXL5,0.0003511511190199733
418,428,hsa-miR-3648,0.00034980301301889096
419,429,TNPO1,0.0003487848443354426
420,430,RPS6KA3,0.00034800422582977693
421,431,SH3PXD2A,0.00034778014507541496
422,432,NRF1,0.0003477188589648056
423,433,hsa-miR-188-5p,0.0003466586296727143
424,434,FAM83D,0.00034577784755681425
425,435,XPOT,0.00034569127525432733
426,436,RAB5B,0.00034548107153576643
427,437,SKP2,0.00034547981471889135
428,438,YWHAB,0.0003450093165781037
429,439,SMURF2,0.00034456007743045527
430,440,hsa-miR-485-5p,0.0003445027400525099
431,441,hsa-miR-210-5p,0.00034424817120073524
432,442,CALU,0.00034376498090849114
433,444,DNMT3A,0.00034222088450009276
434,445,BAZ2A,0.0003422055625194008
435,446,SFPQ,0.00034209959994822235
436,447,CSK,0.00034173125044922154
437,448,CCND2,0.0003414461410183257
438,449,hsa-miR-421,0.0003405585660380094
439,450,MSN,0.0003399518668644839
440,451,NOVA1,0.0003398885125620388
441,452,EIF2AK2,0.0003381141247981492
442,453,hsa-miR-3680-5p,0.0003376063118683358
443,454,MAFK,0.00033690890832826733
444,455,E2F4,0.0003359349814361768
445,456,hsa-miR-379-5p,0.0003355439791484399
446,457,REEP5,0.00033469287565717767
447,458,TGFBR2,0.0003346585738275776
448,459,IRS1,0.00033436722787982413
449,460,XIAP,0.00033385577729051763
450,461,IQGAP1,0.0003336795082520007
451,462,ITGB3,0.0003330368978233382
452,463,MAML3,0.0003326161150938865
453,464,DLL1,0.00033192197398018464
454,465,KDR,0.0003312294786602429
455,466,NOLC1,0.00033068220258495565
456,467,AURKA,0.0003303207310499793
457,468,MAP4K4,0.00032805711291598215
458,469,RAD54B,0.0003279091557579709
459,470,CD8A,0.00032661051680312337
460,471,RNF138,0.00032611673532614686
461,472,NFIB,0.0003255905096969786
462,473,MKL2,0.0003252380263110245
463,474,hsa-miR-766-5p,0.00032480611059777174
464,475,MAP3K12,0.00032461024307094165
465,476,hsa-miR-103a-2-5p,0.0003233535781915632
466,477,YBX1,0.0003225192922893492
467,478,COL8A1,0.0003218135197771559
468,479,SOX11,0.00032167003790913284
469,480,TMPO,0.00032107509365025046
470,481,BYSL,0.0003208601438001486
471,482,NFATC2,0.0003201076929642012
472,483,SF3B3,0.00031964439659637895
473,484,TRIM3,0.00031907899075322033
474,485,STK38,0.00031887763052909456
475,486,CD46,0.0003186185275920884
476,487,GRAP2,0.00031560838980378906
477,488,RALGPS2,0.0003153247265159078
478,489,PTBP1,0.0003150357901571426
479,490,FASLG,0.00031495742177883396
480,491,YES1,0.0003146212901919445
481,492,PLSCR4,0.0003135527504342808
482,493,LIMA1,0.0003134053816527758
483,494,ELK3,0.00031275566723975125
484,495,S1PR1,0.00031272386412048897
485,496,CSNK2A1,0.00031254390084028765
486,497,SLA,0.00031239689006404693
487,498,hsa-miR-3614-5p,0.000312200108906127
488,499,DUSP1,0.0003118784235980046
489,500,CCT5,0.0003115615552305917
490,501,hsa-miR-660-5p,0.0003112688667937254
491,502,HBP1,0.00031103745369425324
492,503,ATF3,0.00031054420912615823
493,504,KLHL3,0.00031020472718346705
494,505,PRDM1,0.00030951597837145087
495,506,PRC1,0.0003074807622459062
496,507,TBP,0.0003063902507416415
497,508,RALGPS1,0.0003053961588337363
498,509,IQGAP2,0.0003052277212615751
499,510,TXNIP,0.00030426663955124896
500,511,CDT1,0.0003040228382933846
501,513,PRKAR2A,0.0003025123107582853
502,514,LMNB1,0.0003020553629859016
503,515,ACVR2A,0.0003014873509512211
504,516,hsa-miR-432-5p,0.00030073778295530126
505,517,SF3B1,0.00029985179030924796
506,518,PABPC1,0.00029968010951797024
507,519,SNRPB,0.00029867625288558096
508,520,MYLK,0.00029794202309096804
509,521,RASA1,0.0002977790351586575
510,522,CLSPN,0.0002973922709518455
511,524,TCF7L2,0.0002958705596644173
512,525,SERPINH1,0.00029465773830959655
513,526,MAP1B,0.0002939127459326603
514,527,PRPF40A,0.0002931492520792125
515,528,CD80,0.0002925298088121917
516,529,ACTB,0.00029241505558162174
517,530,GTF2I,0.0002924136568357976
518,531,NUDT5,0.0002906613559674881
519,532,CALD1,0.0002906402449927674
520,533,DKK3,0.0002905146114482629
521,534,UBE2J1,0.00029033967052948456
522,535,TFAP2A,0.00029024854572615155
523,536,ELK4,0.00029021921584559664
524,537,WWP1,0.0002900768770417518
525,538,IGF2,0.00028990025152975574
526,539,CRKL,0.00028974304581591375
527,540,IPO5,0.00028964020953372075
528,541,PPP3R1,0.00028827801334610194
529,542,DST,0.0002874474997374888
530,543,STAM2,0.0002864810641024798
531,544,PDPK1,0.00028645284152306627
532,545,TEAD1,0.00028600053560725523
533,546,hsa-miR-505-5p,0.00028596024795548604
534,547,ETV1,0.00028591831007521233
535,548,hsa-miR-502-5p,0.0002857741905568932
536,549,RPS6KA5,0.0002851811890056943
537,550,KIF5B,0.000284612629518762
538,551,TIMP2,0.00028446592687848235
539,552,NUAK1,0.00028444353177031214
540,553,SH2D1A,0.0002836395589691038
541,554,CBLB,0.00028327716868466733
542,555,NFKB1,0.000283025693232377
543,556,CSE1L,0.00028291096533768716
544,557,STC2,0.0002808162829005684
545,558,HIF1AN,0.00027962086720964205
546,559,FLNA,0.0002793954583469683
547,560,SON,0.00027938477850453496
548,561,hsa-miR-345-5p,0.0002787543529743036
549,562,FASTK,0.00027815384087676097
550,563,ARF3,0.00027693958257834806
551,564,KLF11,0.00027677614929096144
552,565,CD79A,0.000276768358364634
553,566,hsa-miR-29a-5p,0.0002757711511207027
554,567,FOXC1,0.000275456522015398
555,568,UCK2,0.0002750102739353694
556,569,PTEN,0.000274883575866915
557,570,RAD21,0.0002747534817463244
558,571,hsa-miR-190b,0.0002739933441708275
559,572,hsa-miR-374b-5p,0.0002739276609002073
560,573,MAZ,0.00027383025155608794
561,575,FZD4,0.00027348855961170063
562,576,POU2F1,0.00027241378126495436
563,577,ARHGAP1,0.0002723394304436916
564,578,WAC,0.00027190184327657976
565,579,FLAD1,0.00027150495379293905
566,580,RAB8B,0.0002714534021461365
567,581,MET,0.00027131230418845823
568,582,COL6A1,0.0002711509525897841
569,583,RIN2,0.0002709487238261652
570,584,POLR2A,0.0002707379019548381
571,586,hsa-miR-520b,0.0002701420028744782
572,587,E2F5,0.0002687906254600991
573,588,TK1,0.000268779560820993
574,589,HRK,0.00026868558293436376
575,590,hsa-miR-3677-5p,0.000268673692106257
576,591,KLF9,0.00026838095175526485
577,592,YWHAQ,0.00026788464932609243
578,593,FYB,0.00026787250303806265
579,595,hsa-miR-628-5p,0.0002669202250912744
580,596,PTPRG,0.0002667643456783047
581,597,hsa-miR-455-5p,0.0002665234413397687
582,598,CXCL5,0.0002663903206221683
583,600,hsa-miR-576-5p,0.000266144956214069
584,601,hsa-miR-636,0.00026521792296168824
585,602,PFN2,0.0002650790793322927
586,603,MPP6,0.00026336940756623305
587,604,hsa-miR-584-5p,0.00026304634302035454
588,605,SEPHS1,0.00026294161233873683
589,606,BAZ2B,0.0002627737696065754
590,607,RUNX2,0.0002626513466803488
591,608,hsa-miR-500a-5p,0.00026257607720919074
592,609,hsa-miR-425-5p,0.00026235248110121923
593,610,PTPRM,0.0002621802907067751
594,611,CDK4,0.0002616315406881886
595,612,ARNT,0.0002614158785566563
596,614,LAX1,0.00026063355526074485
597,615,TAOK1,0.0002602267306554733
598,616,NRD1,0.0002595460149337011
599,617,INSR,0.00025952037535892396
600,618,APBB2,0.00025934247185612565
601,619,GARS,0.0002592122390340307
602,620,hsa-miR-126-5p,0.00025912340260630555
603,621,KCNJ11,0.0002588416672058417
604,622,hsa-miR-1301-5p,0.00025841360726942835
605,623,IMPA2,0.0002582644720773305
606,625,HIPK3,0.0002572449019422638
607,626,CNN1,0.00025717666221184246
608,627,CDC7,0.00025707292160114783
609,628,hsa-miR-501-5p,0.00025691295463749073
610,629,MCM4,0.0002566866759544475
611,631,ITM2B,0.0002564784769854549
612,632,hsa-miR-500b-5p,0.00025614505563347357
613,633,IL1RAP,0.0002561157032850669
614,634,CBX5,0.00025607452067867386
615,635,HNRNPA0,0.0002559426390646784
616,636,hsa-miR-3922-5p,0.0002556996157853175
617,637,hsa-miR-129-5p,0.0002556414505045
618,638,HSPA8,0.0002556320668140555
619,639,hsa-miR-4999-5p,0.0002555512198301419
620,640,MED8,0.00025540631008848393
621,641,FCGR3A,0.0002553460692627368
622,642,TP63,0.00025512991766443597
623,643,XBP1,0.0002547638765567046
624,644,WNK1,0.0002535564003286174
625,645,CDK2AP1,0.0002533659412274962
626,646,hsa-miR-6783-5p,0.00025306374143875944
627,647,hsa-miR-744-5p,0.0002527146303318253
628,649,SMAD5,0.000251545954395787
629,650,SVEP1,0.0002514554123762174
630,651,NRP2,0.00025118521401388134
631,652,ITGAV,0.0002509945769681924
632,653,USP6NL,0.000250860415549947
633,654,HEXIM1,0.00025046659861190595
634,655,EGLN2,0.00025045829618810297
635,656,NUTF2,0.00024955821741460426
636,657,BCL11A,0.00024953622334333684
637,658,GRAP,0.0002495093114550375
638,659,CHAF1A,0.00024934842237649097
639,660,TCF19,0.00024914246122887204
640,661,RPN1,0.000249111022216882
641,662,ACVR2B,0.00024902475457625747
642,663,MS4A1,0.00024889687735657647
643,664,SLIT2,0.0002488637663214645
644,665,hsa-miR-34c-5p,0.00024848225199062076
645,666,TRAK2,0.0002482229957357807
646,667,DKC1,0.0002480898317651563
647,668,hsa-miR-378c,0.00024801115292912436
648,669,hsa-miR-542-5p,0.000247595484676884
649,670,KIF1B,0.0002474541083580324
650,671,DNAJB11,0.00024672949728551794
651,672,HLF,0.0002466049652577356
652,673,INPP5D,0.00024624687541863004
653,674,BMP2,0.0002459595438046707
654,675,hsa-miR-663a,0.0002458767336094395
655,676,NRBF2,0.00024568624839893386
656,677,KPNA6,0.0002456829998381703
657,678,CBX3,0.0002455528426532745
658,679,PTPN4,0.00024503952590814885
659,680,THRB,0.00024500458911801604
660,681,EEF1D,0.00024435033004688924
661,682,SIT1,0.0002442967401803464
662,683,hsa-miR-4772-5p,0.00024386057959619215
663,684,NFATC3,0.00024370991026517798
664,685,PIAS1,0.00024358356522241893
665,686,ACTR2,0.00024345194102388934
666,687,EIF4G2,0.00024304144287223898
667,688,RYBP,0.00024276906886827176
668,689,LNPEP,0.0002426759503813245
669,690,MCC,0.0002420511753615978
670,691,hsa-miR-339-5p,0.00024175475987705923
671,692,PICALM,0.0002417168100204236
672,693,PPP1R12C,0.00024171609587424347
673,694,BACH1,0.0002416698242406443
674,695,hsa-miR-1229-5p,0.0002415152350366977
675,696,EIF2S2,0.00024108167900637598
676,697,TARBP2,0.00024047084339805108
677,698,hsa-miR-212-5p,0.0002401175699227746
678,699,SOBP,0.00024006311429898818
679,700,hsa-miR-7705,0.00023892126851618516
680,701,PTPRD,0.00023862619163367632
681,702,DCUN1D1,0.0002380328381842051
682,703,hsa-miR-20b-5p,0.0002379501420427933
683,704,PKMYT1,0.00023747838940475858
684,705,STK24,0.00023718383690947282
685,706,CHRD,0.000237068808186718
686,707,RNF11,0.00023703014958094645
687,708,TGOLN2,0.00023689868877775354
688,709,PRKG1,0.00023675767322610644
689,710,ERBB2IP,0.00023671795494180497
690,711,FLT1,0.00023639681150508786
691,712,PRLR,0.00023628328722373037
692,713,CIT,0.00023605035694807856
693,714,MITF,0.00023596741103653314
694,715,NBN,0.0002354897142097415
695,716,IFNAR2,0.00023510100966237473
696,717,FGF1,0.00023479280786061152
697,718,FAM46C,0.00023468444111002514
698,719,PCSK5,0.00023452486729647518
699,720,LRP1,0.0002345046980782786
700,721,TTK,0.00023428699082419268
701,722,GATA6,0.00023422483891528308
702,723,ADAM10,0.00023370909485545335
703,724,PRNP,0.00023306319397280054
704,725,hsa-miR-10a-5p,0.00023296057958935225
705,726,hsa-miR-5001-5p,0.0002328778983460107
706,727,UBE2V2,0.0002325221123939151
707,728,HOXB3,0.00023225768002613413
708,729,WIPF1,0.0002321853033994209
709,730,GABBR2,0.00023182264306444156
710,731,CDC20,0.00023171369587506277
711,732,DYRK1A,0.0002315146728296115
712,733,SIN3A,0.00023144887936881627
713,734,DUSP7,0.00023134490755397514
714,735,SH3KBP1,0.00023111131807819013
715,736,hsa-miR-1304-5p,0.00023026120807351067
716,737,KPNA3,0.0002299006439417557
717,738,PAPPA,0.0002298718752481704
718,739,hsa-miR-7112-5p,0.00022974854421518732
719,740,SLC9A1,0.00022941379545991707
720,741,hsa-miR-495-5p,0.0002294021449614166
721,742,STRN,0.00022923033128807545
722,743,NFIC,0.00022917214728581915
723,744,PPM1A,0.00022886991757041286
724,745,GIT2,0.00022870523018499387
725,746,SNTB2,0.00022839028656590732
726,747,THRA,0.00022791996532279965
727,748,DUSP4,0.00022707287441096674
728,749,NFIA,0.00022660492256286656
729,750,MSH2,0.00022626214737027473
730,751,BTRC,0.0002260981107716342
731,752,NRP1,0.0002260427435089951
732,753,CAV2,0.0002260189607949525
733,754,CHD1,0.0002252423917121939
734,755,DIAPH2,0.00022490805519157644
735,756,HSP90B1,0.0002248084919962469
736,757,ERBB3,0.0002247642119204705
737,758,FOXK2,0.00022474119169572465
738,759,TACC1,0.00022463807758961178
739,760,hsa-miR-409-5p,0.00022436587398411885
740,761,TFAP2C,0.00022418102483178078
741,762,HIPK1,0.00022411141626866904
742,763,GLUL,0.0002239320316041539
743,764,hsa-miR-6844,0.00022375836779645796
744,765,FSCN1,0.00022363608789353502
745,766,SALL1,0.00022271603341305794
746,767,BTG3,0.00022260073922350613
747,768,FMR1,0.00022239828980502073
748,769,MEOX2,0.0002207370968374774
749,770,IRAK1,0.00022067180259080922
750,771,PFN1,0.0002206321077645184
751,772,PJA2,0.00022045908339293814
752,773,TNS1,0.0002196635699446355
753,774,CDC25B,0.0002192129946022893
754,775,ZBTB7B,0.00021871506325399465
755,776,HECTD1,0.000218457788384346
756,777,BTBD3,0.0002183280223803754
757,778,DUSP16,0.00021812525065614873
758,779,PRKCB,0.0002177818119655234
759,780,hsa-miR-28-5p,0.00021736942938081074
760,781,ASAP1,0.00021733433214271743
761,782,RAD51,0.0002170571496996717
762,783,hsa-miR-370-5p,0.00021691958695461757
763,784,CCNG1,0.00021651426264580355
764,785,MCM10,0.0002159033993230524
765,786,hsa-miR-1180-5p,0.0002158830541160228
766,787,CCL7,0.00021578563518072024
767,788,HNRNPU,0.00021569218279230632
768,789,hsa-miR-3200-5p,0.00021548720482255434
769,790,AKAP11,0.0002154612925935358
770,791,LTBP1,0.00021540355052414471
771,792,EPS15,0.00021525812874475874
772,793,UPF2,0.00021514653067054672
773,794,AP3B1,0.00021505299939369546
774,795,TLN1,0.00021451735036421098
775,796,SKP1,0.0002142882772747471
776,797,FOSL2,0.00021410415015803367
777,798,NRIP1,0.0002140436191766305
778,799,RASGRF2,0.00021354160893233908
779,800,EZH1,0.00021353916804863155
780,801,AXL,0.00021350060604097217
781,802,RORC,0.00021331609831434382
782,803,TES,0.00021318634012425973
783,804,KIF3B,0.0002130048302513469
784,805,ZNF24,0.00021258111884412548
785,806,PURA,0.00021215237224911357
786,807,XRN1,0.00021198207341332074
787,808,PALLD,0.00021138038752868248
788,809,NEDD4L,0.00021122778729340175
789,810,ITGA1,0.00021097909269553376
790,812,HMGB2,0.00021073721068778467
791,813,PPARGC1B,0.00021027134896039836
792,814,CLIC4,0.00021021357967954547
793,815,SERPINE2,0.0002100605167102276
794,816,SH2B3,0.0002094144958461956
795,817,PRKCD,0.00020929307482724855
796,818,JUNB,0.0002091687047437448
797,819,ETS2,0.0002091121610897266
798,820,HDAC2,0.00020897777824022007
799,821,PPM1G,0.000208916614679762
800,822,hsa-miR-3662,0.00020863619761813862
801,823,ENO1,0.00020840208700569375
802,824,FRZB,0.00020825340700032573
803,825,ABL1,0.00020797707700370924
804,826,ZKSCAN1,0.0002079129093858579
805,827,EEF2,0.00020772398859747
806,828,NISCH,0.0002075464491823397
807,829,RORB,0.00020751461209788242
808,830,FAF1,0.0002073877537190307
809,831,NPNT,0.0002072920222022407
810,832,PAK2,0.00020686606483207376
811,833,COL4A5,0.00020657722101657068
812,834,ZNF91,0.00020625630249828528
813,835,RBM14,0.0002059737661004191
814,836,EPAS1,0.00020583897923882224
815,837,TAOK2,0.00020570177365483226
816,838,TNFAIP3,0.00020562927880003642
817,839,NOTCH2,0.0002056151878852178
818,840,KARS,0.00020519863380355854
819,841,ATXN1L,0.0002049228328568017
820,842,SMAD9,0.0002048095085504276
821,843,PCDH1,0.0002046466857145892
822,844,CDH11,0.00020458727543446197
823,845,RAB11FIP5,0.00020423900530436444
824,846,INCENP,0.00020419928202825133
825,847,HLA-DPA1,0.0002041638371970798
826,848,PPP1CB,0.0002037095145112342
827,849,OTUD7B,0.00020336273723449086
828,850,PRKX,0.00020328789846733414
829,851,PUF60,0.0002031782849714266
830,852,FGF18,0.0002029298835803769
831,853,HOXA3,0.00020263699171936832
832,854,TRPS1,0.0002024030709162727
833,855,hsa-miR-1343-5p,0.00020238670664080193
834,856,BLM,0.000202134764478982
835,857,hsa-miR-3619-5p,0.00020200285044368155
836,859,CYCS,0.00020171655146143062
837,860,hsa-miR-548b-5p,0.00020160539774395606
838,861,hsa-miR-589-5p,0.00020156278316615952
839,862,DNMT1,0.0002012305424910087
840,863,PVRL3,0.00020121524935446614
841,864,POLR1B,0.00020069412242789287
842,865,DDX3X,0.00020008727491557392
843,866,AP1G1,0.00020004373833826125
844,867,RAPGEF4,0.0002000065027363259
845,868,PLAG1,0.00019981542529033046
846,869,hsa-miR-3926,0.00019976417141994303
847,870,KLF5,0.00019968973432944045
848,871,FAT1,0.00019878530739376158
849,872,HNRNPL,0.0001987547289982825
850,873,TTF2,0.000198724591310731
851,874,ARIH1,0.0001983209529402362
852,875,MID1,0.0001981975372858531
853,876,ADD1,0.00019818745313332755
854,877,PABPN1,0.000197844946124968
855,878,TRIM8,0.00019782269230051407
856,879,C10orf2,0.00019758308672981363
857,880,TRIM23,0.00019755594297453984
858,881,CAND1,0.0001972735175715793
859,882,IVNS1ABP,0.000197232502198639
860,883,TRIP13,0.00019722317855670537
861,884,PAFAH1B2,0.0001970598545089077
862,885,SH3BP2,0.0001970079687263699
863,886,hsa-miR-550a-5p,0.00019685205601943924
864,887,PABPC4,0.00019680368018965078
865,888,PTPN14,0.00019674386868740728
866,889,TFDP2,0.00019670242217609564
867,890,GAB1,0.000196413309806734
868,891,TNFRSF1B,0.00019617487635669194
869,892,PDGFRB,0.0001960963604083162
870,893,IL7R,0.00019589914715397174
871,894,MTMR10,0.00019579492682208574
872,895,PELI2,0.0001952599468967781
873,896,TGFB1,0.00019505426454108533
874,897,RAI14,0.0001948214594458792
875,898,PPFIA2,0.0001945835942164834
876,899,NUDT3,0.0001945568292258879
877,900,MED13,0.00019438104024067598
878,901,PVR,0.00019431365824922574
879,902,SYTL4,0.00019430115809083675
880,903,CNOT1,0.00019364859893317477
881,904,ACP1,0.0001936010911914845
882,905,DOK3,0.00019328655445593118
883,906,DDR2,0.00019310980353325462
884,907,hsa-miR-153-3p,0.00019301571594318868
885,908,BGN,0.00019297681040772243
886,909,PNO1,0.00019295507679867422
887,910,WFS1,0.0001925789168176836
888,911,TRIP12,0.000192520699036152
889,912,SPIB,0.00019251683417332818
890,913,hsa-miR-7974,0.00019236249772667253
891,914,SDC2,0.00019233477823874158
892,915,GHR,0.00019232984273520094
893,916,hsa-miR-10b-5p,0.00019185996416121902
894,917,SYNE1,0.00019144217991861904
895,918,SUV39H1,0.00019141655893223188
896,919,hsa-miR-1-3p,0.00019110122060227597
897,920,hsa-miR-580-5p,0.00019109222086871933
898,921,ARL6IP1,0.00019075276680932215
899,922,AKAP9,0.00019045592829046445
900,923,PRKD3,0.00019039216878926273
901,924,hsa-miR-6797-5p,0.00019028319631127848
902,925,RANBP2,0.0001900491231318623
903,926,AGGF1,0.00018948878865475015
904,927,REL,0.00018909310953033441
905,928,TFRC,0.00018875112555422822
906,929,CKAP5,0.0001885219697895485
907,930,RPIA,0.00018846145416612277
908,931,SETD7,0.00018831320983529715
909,932,CUL2,0.00018829456983744
910,933,CXCR4,0.00018794346861147258
911,934,LASP1,0.00018783674815044956
912,935,TWIST1,0.00018768072309779965
913,936,PNRC2,0.00018764040054758215
914,937,DNAJA1,0.00018759184204607962
915,938,ELAVL1,0.00018752842361040913
916,939,SSRP1,0.00018751558237435257
917,940,KITLG,0.0001873648688425833
918,941,H2AFX,0.00018674001420998645
919,943,REV3L,0.00018648553978015575
920,944,MAP3K11,0.0001864540568055521
921,945,PDCD6IP,0.00018624996005034658
922,946,ASH1L,0.00018581876453705823
923,947,UBE2W,0.00018567049558387822
924,948,BAHD1,0.00018550259338749337
925,949,FOXO3,0.00018536005834705234
926,950,MKNK2,0.0001850641438992853
927,951,MOAP1,0.00018498180549263486
928,952,FBL,0.00018496415584034486
929,953,UGP2,0.00018479523650747134
930,954,PER2,0.0001845007578269409
931,955,DYNLL2,0.0001844729324629312
932,956,HNRNPM,0.00018442709915402275
933,957,hsa-miR-338-5p,0.00018399963425322303
934,958,PTGES3,0.00018356867406346298
935,959,RAB11A,0.00018349914837089844
936,960,ATF7,0.00018342909304732983
937,961,TCOF1,0.00018341003336574868
938,962,ADNP,0.00018332469141496698
939,963,PDHA1,0.00018321811226708844
940,964,EDA2R,0.00018317285839178382
941,965,hsa-miR-3652,0.00018312309691711736
942,966,hsa-miR-6832-5p,0.00018298003318531863
943,967,SH3GLB1,0.0001828261311755246
944,968,hsa-miR-1914-5p,0.00018258472429891163
945,969,SRCAP,0.00018255283462685173
946,970,MCM6,0.00018254038440631879
947,971,EXOC5,0.00018241320267834088
948,972,ACVR1B,0.00018237093311298912
949,973,UBAP2L,0.00018215030603862823
950,974,NR2F2,0.0001820714901255101
951,975,PFKP,0.00018180531380568394
952,976,MAGOHB,0.00018168061002346738
953,977,ARID2,0.0001814139024271724
954,978,SACS,0.00018120339376263652
955,979,hsa-miR-92a-2-5p,0.0001811861317257236
956,980,MAML2,0.00018110288795207096
957,981,DUSP5,0.0001810641744798885
958,982,CHD9,0.00018093568347844549
959,983,PTGFRN,0.00018089213155163578
960,984,PPARGC1A,0.00018077594234930107
961,985,PIAS2,0.000180773656394507
962,986,hsa-miR-491-5p,0.00018055947689050054
963,987,ATP2A2,0.00018051241300051307
964,988,SERPINE1,0.00018050307071280658
965,989,FST,0.0001804924843059065
966,990,SORL1,0.0001804325214770307
967,991,hsa-miR-6499-5p,0.00018033385853256123
968,992,hsa-miR-1915-5p,0.000180303090629214
969,993,AFTPH,0.00018029638836909945
970,994,VIM,0.00018022002112779058
971,995,TRIM2,0.00017996981537887166
972,996,CUL3,0.00017882106954823554
973,997,ADAM19,0.0001785920133213171
974,998,ZEB2,0.00017847796717317073
975,1000,GMNN,0.00017833395513419672
976,1001,PURB,0.0001781279782823861
977,1002,MIB1,0.00017797333267040918
978,1003,NF1,0.00017768337860960755
979,1004,BHLHE41,0.00017767770607720481
980,1005,DACT1,0.00017755681399406954
981,1006,PRRX1,0.00017754182016291442
982,1007,SPRED1,0.00017713489123566504
983,1008,EIF3E,0.00017706390390727277
984,1009,FXR1,0.00017695561684536509
985,1010,G3BP1,0.0001768870498331407
986,1011,DAB2,0.00017678729243687227
987,1012,BIRC6,0.00017671413439596413
988,1013,HOXB2,0.00017643421308191577
989,1014,MAP3K7,0.00017624863534769614
990,1015,TOB1,0.00017575253373606597
991,1016,CTNND1,0.00017568694539013587
992,1017,XK,0.00017538900761455815
993,1018,UBR1,0.0001752147889762714
994,1019,HOXA5,0.00017517846925987814
995,1020,UBE2D1,0.0001751086284584124
996,1021,KSR1,0.00017510671143308035
997,1022,TACC3,0.00017498866121848288
998,1023,BAK1,0.00017498138988587957
999,1024,TSC22D1,0.00017439711507910552
1000,1025,MLXIP,0.00017438859153721088
1001,1026,CD38,0.00017413305310439302
1002,1027,hsa-miR-543,0.00017403429838863815
1003,1028,NEFM,0.00017381581745910422
1004,1029,DPYSL5,0.00017376463674551666
1005,1030,hsa-miR-3691-5p,0.00017355414016767946
1006,1031,ZHX1,0.00017336391357148292
1007,1032,ZFHX3,0.00017320726560170283
1008,1033,ITGA3,0.0001731344323218541
1009,1034,PIK3CG,0.0001731150204825948
1010,1035,APP,0.00017297934601046626
1011,1036,RAB10,0.00017273012147760316
1012,1037,PTPRB,0.00017272655212357632
1013,1038,SDCBP,0.00017258829461465577
1014,1039,ZBTB33,0.00017257476600965668
1015,1040,VTA1,0.000172383899210381
1016,1041,COPS2,0.00017218592438790698
1017,1042,RCC1,0.0001720774932700375
1018,1043,KLF12,0.0001719602428226483
1019,1044,SLC18A2,0.00017188285846885922
1020,1045,MARS,0.00017186017211304582
1021,1046,BATF,0.00017176207792890324
1022,1047,PIK3CA,0.00017152651688780014
1023,1048,PPARA,0.00017148976748333647
1024,1049,MED14,0.00017142727278708742
1025,1050,SYT1,0.00017113131916211762
1026,1051,hsa-miR-411-5p,0.00017112042926766306
1027,1052,TRIP11,0.00017071817996284951
1028,1053,CCNT1,0.00017066745279820675
1029,1054,TJP1,0.00017037990805320066
1030,1055,F3,0.00017017026432255089
1031,1056,TNK2,0.00017014576191333916
1032,1057,hsa-miR-2277-5p,0.00017011716349697725
1033,1058,HIVEP2,0.00017003837972228835
1034,1059,hsa-miR-4745-5p,0.0001700086429893517
1035,1060,EIF4EBP1,0.00016990544984864372
1036,1061,ALX4,0.00016949665624974657
1037,1062,hsa-miR-215-5p,0.00016947752358756636
1038,1063,NOTCH1,0.00016936971995100923
1039,1064,hsa-miR-1292-5p,0.00016919175942688164
1040,1065,hsa-miR-6731-5p,0.0001691659274353998
1041,1066,KIF5C,0.0001686572762663008
1042,1067,UBASH3B,0.00016860332018061317
1043,1068,ADCY6,0.00016851358188254664
1044,1069,LUC7L,0.0001684545416290572
1045,1070,LIMS1,0.00016845233813821053
1046,1071,TRIM37,0.0001682988398551532
1047,1072,MAPK14,0.00016824712283806194
1048,1073,PER1,0.00016823286032767437
1049,1074,NUP98,0.00016818617855493488
1050,1075,TARDBP,0.00016802466177854135
1051,1076,TGFB2,0.00016795934549388897
1052,1077,SIX5,0.00016791205502571203
1053,1078,hsa-miR-2355-5p,0.00016783965059880576
1054,1079,MRE11A,0.00016772650652802258
1055,1080,COL4A3BP,0.0001675597465638292
1056,1081,BNIP3L,0.0001675147795043437
1057,1082,CDK5R1,0.00016746373518353527
1058,1083,GBF1,0.0001673471556833832
1059,1084,UBE2I,0.00016722979590997881
1060,1085,CLOCK,0.00016713132731127828
1061,1086,IGFBP3,0.00016712077843636508
1062,1087,hsa-miR-6875-5p,0.00016677285991135535
1063,1088,PARVA,0.0001667021323049953
1064,1089,KLF2,0.00016667493725366594
1065,1090,ACTR3,0.00016653636127230713
1066,1091,FBLN2,0.0001662985514733795
1067,1092,DISC1,0.00016587724200246018
1068,1093,TLR4,0.00016562035992742283
1069,1094,DOK2,0.00016556765129852621
1070,1095,hsa-miR-934,0.00016550369382344477
1071,1096,HIC1,0.00016538946554027774
1072,1097,CEBPD,0.00016535875997169893
1073,1098,PRKAR1A,0.00016502089071035401
1074,1099,CDC5L,0.00016488880133049902
1075,1100,SMC1A,0.00016482100919080353
1076,1101,KHSRP,0.00016454380296357463
1077,1102,FOXN3,0.0001645033900768126
1078,1103,MS4A2,0.0001640918244349824
1079,1104,RNF141,0.00016402845213389929
1080,1105,RDX,0.0001639902087293219
1081,1106,PHIP,0.00016389382048366338
1082,1107,STK4,0.00016386103143943817
1083,1108,hsa-miR-6798-5p,0.00016380552084653977
1084,1109,PLAA,0.00016359994335189977
1085,1110,MTMR4,0.00016353797345762495
1086,1111,ABL2,0.00016334557917830955
1087,1112,CD3D,0.00016332944035893615
1088,1113,TCF20,0.00016318072867119483
1089,1114,ADAM12,0.0001629302983591167
1090,1115,ARHGAP5,0.00016284626757492467
1091,1116,TGFBR1,0.00016278718508864427
1092,1117,BCL2L11,0.0001627867169539463
1093,1118,DEDD,0.0001627428847033532
1094,1119,DUSP9,0.00016260364876876656
1095,1120,FGF10,0.00016257639949788868
1096,1121,hsa-miR-4665-5p,0.00016256167133376893
1097,1122,PSMA5,0.00016234823558019333
1098,1123,HOXA10,0.00016230169836938403
1099,1124,PSMC2,0.00016211412170644694
1100,1125,PSMD11,0.00016206695542920747
1101,1126,ARHGEF12,0.000162043236752164
1102,1128,MAF1,0.0001619252440612272
1103,1129,GOLGB1,0.0001617768525772433
1104,1130,PTPRT,0.00016163174768204664
1105,1131,hsa-miR-34a-5p,0.00016153299107954613
1106,1132,ZMYM2,0.00016149375043221736
1107,1133,CTSC,0.00016147524080416291
1108,1134,ZNF512B,0.00016147374359498296
1109,1135,SIRT1,0.000161376036705974
1110,1136,RBL2,0.00016126347898868653
1111,1137,hsa-miR-154-5p,0.00016094877503542064
1112,1138,PPP1R12A,0.00016067358110924832
1113,1139,PKIA,0.00016024387108511045
1114,1140,hsa-miR-151a-5p,0.00015980002656640078
1115,1141,BIRC3,0.00015979654694199492
1116,1142,NID2,0.00015975496762660616
1117,1143,RBPJ,0.00015974156526240644
1118,1144,CFL2,0.00015960425797916284
1119,1145,INHBB,0.00015936294836895183
1120,1146,UQCRQ,0.00015908622197228887
1121,1147,GAB3,0.0001589420663254067
1122,1148,CD2AP,0.00015890275013874202
1123,1149,MGA,0.0001586396550494196
1124,1150,PAFAH1B1,0.0001584108645920736
1125,1151,hsa-miR-320b,0.00015832312889491818
1126,1152,GRB2,0.00015810335612714778
1127,1153,ITGB8,0.00015808485264078245
1128,1154,PTGS2,0.00015804133325472477
1129,1155,STRN3,0.000157938289209525
1130,1157,GRIN2A,0.00015787473510972254
1131,1158,RELN,0.00015774232559566097
1132,1159,ILF2,0.000157704231114542
1133,1160,PPP1CC,0.00015766245116017094
1134,1161,EFNA5,0.0001576053935296628
1135,1162,RANGAP1,0.0001575985008511544
1136,1163,CEP72,0.00015718642316324226
1137,1164,hsa-miR-3651,0.00015713539130733441
1138,1165,LATS1,0.00015703189042016877
1139,1166,REPS2,0.00015695046792360461
1140,1167,PI4K2B,0.00015685820832420238
1141,1168,TCEB3,0.0001568133202262619
1142,1169,AKT3,0.0001567986171953743
1143,1170,ADRB2,0.00015634648770984776
1144,1171,MTF2,0.0001561942770665061
1145,1172,hsa-miR-1277-5p,0.00015608471366991084
1146,1173,CORO2B,0.00015585490282908659
1147,1174,ANTXR2,0.00015565854656429345
1148,1175,PTK2,0.00015562810172078993
1149,1176,SYT6,0.0001556054409450589
1150,1177,RIPK2,0.0001555767123093344
1151,1178,ARNTL,0.0001555418076369024
1152,1180,RAB14,0.00015525084654548037
1153,1181,BCL6,0.00015523508495867048
1154,1182,ACTG1,0.00015523068054799376
1155,1183,SMG7,0.00015513752270838926
1156,1184,SNRPC,0.00015512808255912922
1157,1185,PSD,0.00015510156722709417
1158,1186,ECT2,0.00015495610139698213
1159,1187,CSF1R,0.00015485009393377062
1160,1188,hsa-miR-4786-5p,0.00015484890834492065
1161,1189,UBE2C,0.00015477458108129017
1162,1190,NCOR2,0.00015447638080399998
1163,1191,STRN4,0.00015444812137719877
1164,1192,TUBA1B,0.000154119668377265
1165,1193,HSP90AB1,0.0001540890131120687
1166,1194,XRCC5,0.000154018076178954
1167,1195,ITSN1,0.0001540180136216083
1168,1196,RPL8,0.00015361848153432905
1169,1197,BID,0.00015353416698032533
1170,1198,hsa-miR-579-5p,0.00015340450989518128
1171,1199,PHGDH,0.00015338163572160696
1172,1200,OTX1,0.00015338026162092967
1173,1201,BMP1,0.00015332982653492902
1174,1202,NIPBL,0.00015328551576004128
1175,1204,LTBP3,0.00015280979584961156
1176,1206,KLF3,0.00015247609534769705
1177,1207,SCRIB,0.00015241901962861532
1178,1209,NPDC1,0.000152361001683871
1179,1210,USF1,0.00015215322763660927
1180,1211,hsa-miR-378d,0.00015200937529381562
1181,1212,PLXNA1,0.00015183329403588343
1182,1213,hsa-miR-3928-5p,0.0001517640331921187
1183,1214,AP2B1,0.00015158316442131307
1184,1215,DAPP1,0.00015157038214494315
1185,1216,BECN1,0.00015142253216642707
1186,1217,BCOR,0.00015135396562412744
1187,1218,HNRNPD,0.00015130865676558022
1188,1219,U2AF2,0.00015130344925349967
1189,1220,ICAM1,0.0001506992923576711
1190,1221,NOL4,0.0001506200929284272
1191,1222,hsa-miR-6755-5p,0.0001504928523496833
1192,1223,ZFP91,0.00015047284626772342
1193,1224,CCT7,0.0001504066685805783
1194,1225,CDC42,0.00015040618567016168
1195,1226,USP13,0.00015035528464056588
1196,1227,RCOR1,0.00015026530645517792
1197,1228,TP53BP1,0.00014992967081708686
1198,1229,ITGA8,0.00014989019876075454
1199,1230,HDAC7,0.00014986295036891053
1200,1231,TRERF1,0.00014980311333950654
1201,1232,ELL,0.00014976745850105543
1202,1233,UBR5,0.00014966159135197457
1203,1234,GADD45G,0.0001495975974003072
1204,1235,MFSD3,0.00014948703996831667
1205,1236,LPP,0.000149374049352735
1206,1237,PPP6C,0.00014926003130425093
1207,1239,hsa-miR-7854-3p,0.00014893301707039384
1208,1240,MYH9,0.0001486855017752315
1209,1241,APBB3,0.00014844579729572335
1210,1242,USP9X,0.0001483820883138868
1211,1243,MLLT10,0.00014827925231871645
1212,1244,NUP50,0.00014808643539458813
1213,1245,SKI,0.00014795926399950398
1214,1246,hsa-miR-449a,0.00014795785100164079
1215,1247,WBP1,0.0001478201941210333
1216,1248,DOCK7,0.00014738503370114809
1217,1249,GLI2,0.00014736621421560482
1218,1250,SSBP2,0.00014736052946099008
1219,1251,PSEN1,0.0001473193743243829
1220,1252,PHYHIP,0.00014729955825846838
1221,1253,PPP2R5E,0.00014726411145576834
1222,1254,TAF4,0.00014724787695713173
1223,1255,ARID1A,0.000147238181226788
1224,1256,CSNK1G1,0.0001471180312420237
1225,1257,IRF3,0.0001469752516615562
1226,1259,hsa-miR-3615,0.00014677739612788888
1227,1260,hsa-miR-6511b-5p,0.00014666546985242038
1228,1261,CLCN3,0.00014626550710373742
1229,1262,ZNF263,0.0001460266996147153
1230,1263,CEBPA,0.0001459123169762111
1231,1264,TCP1,0.00014588364595417928
1232,1265,ODC1,0.0001458730564187428
1233,1266,PPP2CA,0.0001457678853429535
1234,1267,WASF2,0.00014558698913034473
1235,1268,CD86,0.000145517089850586
1236,1269,CFLAR,0.00014551701965195266
1237,1270,GJA1,0.00014541216361908108
1238,1271,CBFA2T3,0.00014530808030256652
1239,1272,SAFB2,0.00014509602910643695
1240,1273,DEK,0.00014480462114041542
1241,1274,hsa-miR-3127-5p,0.00014477346081675263
1242,1275,SOX6,0.0001445941289690725
1243,1276,hsa-miR-6793-5p,0.00014450753010522742
1244,1277,NEDD4,0.00014441285230315
1245,1278,NCL,0.00014430597193814033
1246,1279,ADAM17,0.0001441037921283375
1247,1280,HOXA9,0.0001439837852971789
1248,1281,SMARCA5,0.00014370634037430587
1249,1282,MYCBP,0.00014370620541443325
1250,1283,ILF3,0.00014363726567401158
1251,1284,hsa-miR-6850-5p,0.0001435277573017701
1252,1285,CHD8,0.00014341166082960528
1253,1286,KIF3A,0.00014338882015091004
1254,1287,hsa-miR-6834-5p,0.00014328721316799565
1255,1289,hsa-miR-99b-5p,0.00014316491959037728
1256,1290,DYRK1B,0.00014296000419599953
1257,1291,MAPT,0.00014262843278800398
1258,1292,EEA1,0.0001424828508177317
1259,1293,PDE4D,0.00014245134025066283
1260,1294,SOCS2,0.00014235505685004387
1261,1295,HEYL,0.00014225751145036615
1262,1296,DIAPH1,0.00014221428122224391
1263,1297,MTMR9,0.00014221018142282027
1264,1298,RRAS2,0.00014195825243431244
1265,1299,CIRBP,0.00014139947152251204
1266,1300,ARHGDIA,0.00014129644629104582
1267,1301,NAE1,0.00014124089187013688
1268,1302,MYO9A,0.00014094327179863024
1269,1303,GOPC,0.00014079790271236166
1270,1304,SGK1,0.00014075412375376916
1271,1305,IGFBP4,0.00014056934355437663
1272,1306,KIAA1279,0.0001402628276942145
1273,1307,CDC25C,0.00014021903134131644
1274,1308,PPP4C,0.00014000455789197713
1275,1309,HERC1,0.00013997953382181212
1276,1310,CALR,0.00013994138528123604
1277,1311,EDNRA,0.00013980166100041735
1278,1312,hsa-miR-519a-3p,0.00013967274672184685
1279,1313,RGL2,0.00013953941900750121
1280,1314,HCLS1,0.00013949184756965627
1281,1315,POU5F1,0.00013945944769811264
1282,1316,ZMYND11,0.00013940716757601134
1283,1317,TGFBR3,0.00013930415718138895
1284,1318,TGFA,0.0001390381119437009
1285,1319,PTP4A2,0.0001390293998799556
1286,1320,hsa-miR-4664-5p,0.0001390196504660848
1287,1321,LENG8,0.00013895218205676587
1288,1322,PMEPA1,0.000138948562618943
1289,1323,COL4A6,0.000138834767598701
1290,1324,PDHB,0.00013875323794408358
1291,1325,TGS1,0.00013874993801068415
1292,1326,NR1H2,0.00013862263803716423
1293,1327,ZNF148,0.00013861512010367868
1294,1328,IGFBP7,0.0001385796640253767
1295,1329,ABCA1,0.00013855493324467445
1296,1330,GFRA1,0.00013836934026422305
1297,1331,NKRF,0.0001382335201920816
1298,1332,ARFGEF2,0.0001381629115154047
1299,1334,HERC3,0.00013755068810633052
1300,1335,MAFB,0.00013754277095222732
1301,1336,APPBP2,0.00013750406094761486
1302,1337,PDGFC,0.00013748103734924979
1303,1338,IKZF1,0.00013741121765672185
1304,1339,CANX,0.0001373152600640459
1305,1340,RAB11FIP2,0.00013713895385549733
1306,1341,KLF6,0.00013708659090196684
1307,1342,MAPRE2,0.00013690761386957743
1308,1343,RNF111,0.0001368943812593724
1309,1344,GAS1,0.0001368481454105786
1310,1345,PPFIBP1,0.00013673488356934186
1311,1346,TIMP3,0.00013667918608398195
1312,1347,HOXA1,0.00013659164033308368
1313,1348,ATF1,0.0001365594004581968
1314,1349,SPEN,0.0001364983150984197
1315,1350,hsa-miR-3140-5p,0.00013627640933193947
1316,1351,RAPGEF2,0.00013622313930851282
1317,1352,TRAK1,0.00013610612108184633
1318,1353,TSPYL2,0.0001360858395549764
1319,1354,hsa-miR-519d-5p,0.00013608212450005357
1320,1355,hsa-miR-1248,0.00013603185865586294
1321,1356,CARD11,0.0001360194180394574
1322,1357,hsa-miR-3940-5p,0.00013595809591219942
